{
  "classification_report": {
    "toxic": {
      "precision": 0.8798266351457841,
      "recall": 0.7306937172774869,
      "f1-score": 0.7983553807651055,
      "support": 3056.0
    },
    "severe_toxic": {
      "precision": 0.7241379310344828,
      "recall": 0.06542056074766354,
      "f1-score": 0.12,
      "support": 321.0
    },
    "obscene": {
      "precision": 0.8343004513217279,
      "recall": 0.7545189504373178,
      "f1-score": 0.7924066135946112,
      "support": 1715.0
    },
    "threat": {
      "precision": 0.0,
      "recall": 0.0,
      "f1-score": 0.0,
      "support": 74.0
    },
    "insult": {
      "precision": 0.7317397078353254,
      "recall": 0.6827757125154895,
      "f1-score": 0.7064102564102565,
      "support": 1614.0
    },
    "identity_hate": {
      "precision": 0.0,
      "recall": 0.0,
      "f1-score": 0.0,
      "support": 294.0
    },
    "micro avg": {
      "precision": 0.8268136557610242,
      "recall": 0.6573367260390162,
      "f1-score": 0.7323988029610963,
      "support": 7074.0
    },
    "macro avg": {
      "precision": 0.5283341208895534,
      "recall": 0.37223482349632625,
      "f1-score": 0.4028620417949955,
      "support": 7074.0
    },
    "weighted avg": {
      "precision": 0.782167321929681,
      "recall": 0.6573367260390162,
      "f1-score": 0.7036213655328067,
      "support": 7074.0
    },
    "samples avg": {
      "precision": 0.0637004543318189,
      "recall": 0.059299180113844066,
      "f1-score": 0.05866595047857777,
      "support": 7074.0
    }
  },
  "auc_roc_scores": {
    "toxic": 0.9748,
    "severe_toxic": 0.9874,
    "obscene": 0.9894,
    "threat": 0.956,
    "insult": 0.9824,
    "identity_hate": 0.9577
  },
  "training_history": {
    "loss": [
      0.10478179901838303,
      0.04974684491753578,
      0.04389209672808647,
      0.04034781455993652,
      0.0365288108587265
    ],
    "val_loss": [
      0.05458705872297287,
      0.05116667598485947,
      0.05134017765522003,
      0.05339919403195381,
      0.05319948121905327
    ],
    "accuracy": [
      0.7590216994285583,
      0.9701018333435059,
      0.9870049357414246,
      0.9804247617721558,
      0.9711114764213562
    ],
    "val_accuracy": [
      0.9939683675765991,
      0.9939683675765991,
      0.9939683675765991,
      0.9939683675765991,
      0.9939683675765991
    ]
  }
}